reference,estimation,datatype,sp_score,tc
EMGT00050000000018.Drosophila.001_AA_13.fasta,EMGT00050000000018.Drosophila.001_AA_37.fasta,AA,0.9545768433975294,0.8126888217522659
