name,number_of_sequences,min,max,mean,standev
testfile,4,3,17,10.25,5.737304826019502
myfile,3,5,10,7.666666666666667,2.516611478423583
