name,number_of_sequences
testfile,43,17,10.25,5.737304826019502
myfile,35,10,7.666666666666667,2.516611478423583
