dataset,species,datatype,ref_num,est_num,sp,tc
ENSGT00390000006768,Euteleostomi,NT,18,50,0.9675640612157088,0.6950517836593786
ENSGT00390000006768,Euteleostomi,NT,25,50,0.9578899565857114,0.6587916343919442
ENSGT00390000006768,Euteleostomi,NT,27,50,0.9668773004396941,0.7693805999220881
ENSGT00390000006768,Euteleostomi,NT,9,50,0.9662318661241365,0.6972828166858017
ENSGT00390000006768,Euteleostomi,NT,46,50,0.9658533144146693,0.70876786404017
ENSGT00390000006768,Euteleostomi,NT,42,50,0.963382654497498,0.7151750972762646
ENSGT00390000006768,Euteleostomi,NT,23,50,0.9611307831574968,0.6733436055469953
ENSGT00390000006768,Euteleostomi,NT,21,50,0.9624182127681844,0.6653846153846154
ENSGT00390000006768,Euteleostomi,NT,40,50,0.9670930019567423,0.7372488408037094
